post_id,user_id,platform_x,post_type,posted_at,caption,hashtags,engagement_id,likes,comments,shares,views,recorded_at,username,platform_y,country,follower_count,joined_date,engagement_rate,total_engagement
2,122,TikTok,story,2025-04-29 01:50:23,Image election beyond difficult stay company tend hot similar food.,#art #fashion #motivation,2,19790,4421,2156,404660,2025-11-23 17:17:21,raymond41,Instagram,Brazil,258275,2021-05-08,0.0651584045865665,26367
3,71,YouTube,story,2025-12-10 11:06:19,Detail professor great size wrong upon actually hope.,#fashion #tech #nature,3,68707,2758,2531,347541,2025-12-25 23:54:04,unknown_user,YouTube,Kenya,134728,2025-02-20,0.21291300882485809,73996
4,20,Instagram,reel,2024-05-10 17:22:02,Skill participant chair actually learn pressure key prevent pressure others teacher think no.,#tech #health #photography,4,85064,3086,631,313629,2025-11-13 11:23:02,cory12,YouTube,Brazil,928563,2022-09-07,0.2830765012164054,88781
5,139,Instagram,image,2024-11-12 06:54:17,Blue technology remember education five main somebody far little force commercial involve million any.,#food #fashion #lifestyle,5,57366,1356,2953,95315,2026-03-26 05:29:54,marissaestes,YouTube,India,8303,2022-06-04,0.6470649950165241,61675
6,178,YouTube,video,2025-03-12 02:53:24,Individual happen any ever theory ago easy actually idea.,#fashion #travel #lifestyle,6,22163,3365,1492,23407,2025-08-15 01:36:44,stephen47,TikTok,Kenya,608892,2025-01-02,1.1543555346691161,27020
7,105,YouTube,reel,2025-01-15 09:00:39,Simple our open their few top avoid take wear above same skill.,#nature #lifestyle #fitness,7,320127,1945,1819,377770,2025-10-06 12:11:44,bprince,Instagram,Nigeria,971466,2022-12-28,0.8573761812743204,323891
8,53,TikTok,story,2025-04-04 22:08:08,Woman election condition fear reflect on minute.,#business #art #sports,8,139987,3677,958,149884,2026-03-05 23:06:06,eandrews,Instagram,Nigeria,714925,2025-05-10,0.9648928504710309,144622
9,179,YouTube,image,2025-07-25 01:25:39,Bar particular Democrat again minute condition great.,#lifestyle #nature #fitness,9,118485,2535,1921,125893,2026-01-19 21:42:10,dmorgan,TikTok,South Africa,113768,2025-11-24,0.976551515969911,122941
10,91,TikTok,reel,2025-02-24 00:21:16,Six class open rock something from college heavy choice up institution suffer.,#photography #business #lifestyle,10,355628,1589,1506,438339,2025-06-08 10:47:20,unknown_user,TikTok,UK,199759,2021-12-22,0.818368888006771,358723
11,138,TikTok,video,2024-11-13 12:48:40,Avoid evidence tree popular attorney there side imagine customer politics institution.,#fashion #tech #lifestyle,11,242053,4672,1804,497068,2025-08-12 13:15:24,anthonychristian,YouTube,Egypt,641490,2024-02-14,0.4999899410141067,248529
12,125,TikTok,image,2025-02-18 01:58:32,Yet ask young process ok like large strategy.,#health #motivation #photography,12,263667,2308,1564,403907,2026-04-11 06:12:41,nixonemily,YouTube,Brazil,592783,2023-04-29,0.6623777255655386,267539
13,205,YouTube,story,2025-01-09 23:46:55,Truth visit prevent that green industry decide him cover popular thing become.,#food #photography #nature,13,104699,3429,663,277040,2025-09-28 17:39:16,annethompson,Instagram,Ghana,705577,2024-11-22,0.3926905861969391,108791
14,33,TikTok,image,2024-11-01 09:49:33,Get different manage small ahead heart herself doctor sell economy.,#sports #business #motivation,14,131073,4953,566,420590,2025-07-18 05:09:58,thernandez,YouTube,India,230383,2021-11-13,0.3247628331629378,136592
15,7,YouTube,image,2025-06-28 19:55:21,After miss strong environmental remain board.,#lifestyle #food #nature,15,18171,3936,1520,27857,2025-09-23 21:49:03,richardsmatthew,Instagram,India,631362,2023-06-16,0.848153067451628,23627
16,47,TikTok,image,2024-09-21 10:38:45,Total part view theory nearly indeed.,#lifestyle #health #fashion,16,443491,840,2913,490338,2026-02-24 10:27:59,dunnbridget,Instagram,Nigeria,160365,2021-08-29,0.9121136848459634,447244
17,117,TikTok,reel,2024-07-08 22:53:58,Wear fish inside head who physical wind citizen evening painting.,#art #lifestyle #tech,17,43974,1021,1167,270985,2025-10-15 07:53:52,smiller,YouTube,Canada,527376,2023-04-14,0.1703489123014189,46162
18,193,TikTok,story,2024-11-01 03:52:13,Response drive realize dark for could body game shoulder couple.,#photography #travel #nature,18,235572,1313,1117,400592,2026-04-05 22:48:53,cryan,Instagram,Ghana,440969,2022-11-07,0.59412569397292,238002
19,5,TikTok,image,2024-05-17 20:05:39,Surface animal daughter specific meet personal.,#fashion #motivation #travel,19,435707,4205,603,475141,2025-12-04 05:37:05,rjohnson,YouTube,UK,33426,2025-07-24,0.9271247903253982,440515
20,200,Instagram,image,2024-04-22 01:18:40,Production political glass kid account a front improve.,#fashion #business #fitness,20,214093,751,909,229861,2025-08-02 18:40:58,nicholas13,TikTok,Canada,463346,2021-04-23,0.9386237769782608,215753
21,160,Instagram,video,2026-01-27 18:12:55,Certain individual interest might wide relationship walk today process risk blue ability national.,#food #nature #motivation,21,108762,2863,109,237020,2025-11-16 23:45:13,meganellis,TikTok,Ghana,715298,2025-05-15,0.4714116952155936,111734
22,30,TikTok,video,2026-03-27 06:23:26,Practice they development performance budget she mind task generation word fund its.,#beauty #tech #art,22,12253,3247,2056,28421,2025-11-17 23:45:23,pearsondavid,YouTube,Kenya,560186,2023-10-11,0.6177122550226944,17556
23,95,YouTube,video,2024-05-22 11:05:43,Attack such heart base mean suggest tend physical outside.,#sports #beauty #photography,23,49140,3163,334,124115,2026-03-27 22:23:02,brownbrian,YouTube,South Africa,706173,2023-07-18,0.4240986182169762,52637
24,30,TikTok,video,2026-03-31 23:12:05,Participant organization behavior attorney especially drop pattern that laugh pick tend.,#travel #sports #fitness,24,12987,230,1305,118222,2026-03-13 03:00:25,pearsondavid,YouTube,Kenya,560186,2023-10-11,0.12283669706146064,14522
25,80,TikTok,story,2024-06-04 21:36:22,Dark understand pattern position evidence soldier foreign claim necessary too minute bill.,#beauty #fashion #travel,25,72141,2746,598,440470,2025-12-22 15:31:53,hbell,Instagram,Ghana,67236,2022-11-11,0.1713737598474357,75485
26,152,Instagram,video,2025-05-24 07:24:29,Career western third another practice product between key result sit.,#beauty #art #tech,26,4547,2350,1935,20581,2025-09-02 13:27:36,melindaskinner,YouTube,Canada,578578,2025-10-01,0.42913366697439387,8832
27,218,YouTube,image,2025-09-03 05:04:36,Financial catch add four control political.,#art #fitness #health,27,322619,3842,1837,398351,2025-07-27 17:07:03,patrickallen,TikTok,India,586175,2023-08-25,0.8241425275699069,328298
28,137,YouTube,story,2025-10-31 17:20:58,Child create try interest wind happen believe appear remain.,#health #travel #music,28,1048,649,77,3253,2025-11-09 08:51:10,natalieunderwood,TikTok,Kenya,459569,2021-07-20,0.5453427605287428,1774
29,166,Instagram,reel,2025-11-09 01:24:09,Rate knowledge tree machine feel hour late yard reveal.,#photography #lifestyle #nature,29,95320,1224,2247,113565,2026-04-05 01:13:23,ashley47,Instagram,USA,820491,2024-11-13,0.8699071016598424,98791
30,28,TikTok,story,2025-11-26 14:50:32,Government college race boy pull national together out.,#motivation #photography #nature,30,58293,4323,1733,319728,2025-08-30 14:44:07,brianwarner,TikTok,Ghana,702829,2024-01-10,0.2012616974428264,64349
32,167,YouTube,reel,2025-11-30 21:54:01,Natural mother help play if media grow guess as relate gas heavy answer.,#art #music #business,32,27513,391,976,64383,2026-01-11 06:39:59,jacobwise,TikTok,Ghana,279866,2022-07-05,0.44856561514685556,28880
33,124,TikTok,story,2025-09-07 19:17:55,Develop southern often tree thing garden shake something social rich interest.,#photography #beauty #sports,33,58121,3744,257,335494,2025-09-07 09:03:50,clarkkimberly,YouTube,Nigeria,439689,2024-05-19,0.18516575557237983,62122
34,69,Instagram,reel,2025-10-20 12:45:15,Firm better war ever alone young line knowledge single understand none.,#photography #travel #tech,34,281046,4094,2444,439165,2025-11-03 16:59:03,gcontreras,Instagram,Nigeria,767560,2025-01-05,0.6548427128755707,287584
35,116,TikTok,video,2025-04-11 19:58:17,Though state across draw force five.,#sports #business #motivation,35,3963,4221,2355,9116,2026-01-14 02:06:40,nelsonjennifer,TikTok,South Africa,52678,2022-06-05,1.1560991663010092,10539
36,98,Instagram,reel,2025-07-25 01:44:17,Image PM long test add the usually cover sign performance day nation recognize.,#nature #photography #health,36,225044,1176,1193,377224,2025-09-11 12:47:28,melissa34,Instagram,Ghana,200996,2024-08-29,0.6028593090577482,227413
37,47,Instagram,story,2025-10-24 16:03:10,Section exist maintain light may eat station discuss.,#health #art #tech,37,1168,2890,985,1320,2025-09-26 02:50:44,dunnbridget,Instagram,Nigeria,160365,2021-08-29,3.8204545454545453,5043
38,88,YouTube,reel,2025-09-07 20:39:07,Clear yourself yes central despite suggest break around position however rule particularly federal.,#beauty #tech #music,38,175168,1534,2721,218901,2025-09-19 04:57:55,pmartinez,TikTok,Ghana,565527,2024-07-14,0.8196536333776456,179423
39,3,Instagram,video,2025-02-03 04:01:52,International medical how hospital radio sing author.,#fashion #beauty #lifestyle,39,4435,4288,1477,45386,2025-07-14 16:44:40,anthonyjody,Instagram,Kenya,772346,2021-06-10,0.22473890627065615,10200
40,126,YouTube,video,2025-02-26 17:24:19,Reduce money pressure notice among reduce season couple especially office.,#nature #motivation #beauty,40,266140,4457,2078,276306,2025-05-07 11:30:10,aandrews,YouTube,USA,980210,2023-10-22,0.9868587725203217,272675
42,178,TikTok,video,2025-10-10 17:46:48,Make eight ball because fire must pick.,#motivation #sports #health,42,8311,3169,1529,23324,2026-01-21 19:16:31,stephen47,TikTok,Kenya,608892,2025-01-02,0.5577516720974104,13009
43,122,TikTok,reel,2025-03-24 05:23:51,Scientist generation environment first example case similar spend upon difference say.,#beauty #music #health,43,35420,133,1462,392309,2025-12-29 04:29:25,raymond41,Instagram,Brazil,258275,2021-05-08,0.09435164627882613,37015
44,91,TikTok,story,2026-03-24 07:46:13,Include great election employee billion day growth.,#tech #business #fashion,44,164693,1975,2691,181275,2025-11-21 04:45:05,unknown_user,TikTok,UK,199759,2021-12-22,0.9342656185353744,169359
45,31,TikTok,video,2025-07-28 08:02:09,Simply together raise just chance else.,#travel #beauty #music,45,8743,4766,1361,54849,2025-04-16 02:51:20,unknown_user,YouTube,Ghana,171439,2021-05-25,0.271107950919798,14870
46,196,Instagram,video,2024-07-07 18:32:08,Western group management southern doctor threat green instead which paper.,#fashion #beauty #nature,46,11093,2886,2236,23744,2025-12-25 11:24:10,carladunn,YouTube,Egypt,425900,2022-05-21,0.6829093665768194,16215
47,71,Instagram,reel,2025-03-18 01:32:00,Certain kitchen we throw husband very above wife least area else include.,#photography #fashion #tech,47,243596,1434,2804,427012,2025-05-02 01:35:33,unknown_user,YouTube,Kenya,134728,2025-02-20,0.580391183385947,247834
48,59,Instagram,reel,2025-07-30 10:58:34,Part class third wrong little month writer.,#tech #fitness #beauty,48,95566,3920,2587,365084,2025-09-30 12:05:35,peter17,Instagram,India,957059,2022-04-17,0.27958771132123017,102073
49,137,TikTok,video,2026-02-06 07:38:41,Include keep base stock really middle perhaps spend method travel he environmental.,#fitness #business #music,49,375413,1104,258,425958,2025-08-11 20:18:54,natalieunderwood,TikTok,Kenya,459569,2021-07-20,0.8845355645392269,376775
50,75,YouTube,video,2026-03-21 06:13:21,Possible cost work just certain senior region exactly idea when example able.,#photography #art #nature,50,153848,3749,151,407447,2025-04-16 07:59:21,yvette49,Instagram,India,792052,2021-07-15,0.38716201125545163,157748
51,27,YouTube,image,2025-07-18 05:44:52,Tend store baby simply wish piece player a traditional nor majority.,#tech #nature #photography,51,5492,358,817,106191,2026-03-06 22:54:49,kennethwatson,TikTok,Kenya,388262,2023-03-20,0.06278309837933535,6667
52,113,Instagram,reel,2024-09-22 15:45:02,Area wind assume think maybe degree sense hot chance bad page trip.,#fitness #tech #nature,52,104392,2540,2111,165963,2025-07-17 20:54:07,cindyjohnson,Instagram,Egypt,228375,2024-07-17,0.657031989057802,109043
53,30,TikTok,image,2025-03-06 14:36:21,Ever far far center onto college now again own quality tree contain meet.,#nature #travel #sports,53,132809,4448,1939,428007,2025-11-15 14:02:49,pearsondavid,YouTube,Kenya,560186,2023-10-11,0.32521898006341016,139196
54,162,Instagram,image,2024-06-30 12:43:03,Protect low least black training someone in set war during interest.,#food #art #sports,54,11697,1565,1171,19699,2025-06-23 10:11:46,hhaas,YouTube,UK,650910,2021-05-01,0.7326767856236357,14433
55,78,Instagram,image,2024-07-07 20:16:33,Factor her expect position save table Congress.,#travel #music #art,55,174024,391,2685,452508,2025-06-24 17:38:15,gordonsara,YouTube,USA,459481,2021-12-20,0.39137429614504055,177100
56,107,YouTube,video,2024-09-06 01:24:13,Black anything home phone third open.,#lifestyle #nature #photography,56,114544,1019,1507,143744,2025-09-27 12:06:29,amber13,TikTok,Canada,224230,2022-08-04,0.8144339937666963,117070
57,77,TikTok,story,2024-10-21 14:35:27,Report wife until miss reality door per condition pretty opportunity good practice.,#sports #business #fitness,57,202713,3276,1801,466847,2026-03-04 08:16:42,hwilliams,TikTok,UK,704414,2021-10-26,0.4450922893367634,207790
58,157,Instagram,image,2024-06-30 11:45:29,Again end follow improve less sure blood imagine bank growth trade film thing.,#motivation #fashion #tech,58,130422,1530,2032,178252,2025-06-12 10:18:09,ojacobs,YouTube,Kenya,450764,2024-02-05,0.7516549603931513,133984
59,170,Instagram,image,2025-04-08 18:35:22,Ten eye whole local response actually heavy brother expert prepare.,#fashion #food #music,59,21656,4253,1092,193095,2025-10-24 20:15:13,martincynthia,Instagram,Canada,366743,2023-02-08,0.1398327248245682,27001
60,20,Instagram,video,2025-09-04 18:12:41,Then interesting road rather mother open card rule safe.,#lifestyle #nature #beauty,60,225762,3477,323,381700,2025-10-23 05:56:40,cory12,YouTube,Brazil,928563,2022-09-07,0.6014199633219807,229562
62,181,YouTube,reel,2026-03-16 22:36:04,Need voice end series task feeling everything yeah series owner public time catch.,#photography #nature #travel,62,85962,840,327,168907,2026-01-08 14:39:29,unknown_user,YouTube,USA,457692,2022-02-16,0.5158400776758808,87129
63,176,TikTok,video,2025-08-07 17:50:28,Foot senior lay only thousand large apply thus easy computer century skin.,#art #business #motivation,63,233788,2421,1255,347012,2025-05-12 14:51:36,mlopez,YouTube,India,347335,2022-01-27,0.6843106290272383,237464
64,151,TikTok,video,2025-12-02 18:43:53,Third maintain put million car finally.,#travel #music #fashion,64,232735,3490,682,316447,2025-04-26 11:50:01,unknown_user,Instagram,Egypt,169530,2021-05-20,0.7486466928111184,236907
65,166,TikTok,video,2025-02-15 16:13:28,Smile per nice available bar unit nature.,#photography #food #travel,65,92421,3662,173,184811,2025-08-15 11:23:52,ashley47,Instagram,USA,820491,2024-11-13,0.520834798794444,96256
66,16,TikTok,video,2024-07-26 09:56:39,Fund compare activity foot daughter every the officer personal drug reason challenge.,#sports #beauty #business,66,30072,3563,1124,322859,2025-07-04 10:39:10,kgarcia,TikTok,Brazil,277470,2022-01-19,0.10766000018583964,34759
67,74,Instagram,story,2024-11-16 13:36:15,New participant recently nation song size job.,#nature #beauty #tech,67,33625,3327,1488,39843,2025-11-09 18:39:08,pyoung,YouTube,Brazil,443792,2025-10-03,0.9647867881434631,38440
68,180,TikTok,story,2025-11-04 21:41:27,Respond analysis any movement assume effort during indeed audience.,#music #business #nature,68,74857,1310,127,420505,2025-05-28 07:35:20,xmiller,YouTube,UK,362579,2025-09-04,0.18143422789265287,76294
69,113,YouTube,image,2025-10-22 08:22:24,Relate opportunity marriage future how win just feel recent month woman.,#fitness #lifestyle #beauty,69,409632,4977,2777,445447,2026-04-04 09:08:30,cindyjohnson,Instagram,Egypt,228375,2024-07-17,0.937004851306665,417386
70,83,Instagram,reel,2025-09-29 09:34:10,List experience throw spring important style building.,#travel #fashion #motivation,70,17624,285,517,230228,2026-02-13 22:18:18,conleycarol,Instagram,South Africa,74541,2023-06-19,0.08003370571781017,18426
71,215,YouTube,image,2026-03-20 00:15:04,Rate center subject growth plant special.,#photography #tech #sports,71,50181,3000,1483,124229,2025-10-19 13:57:45,emartin,Instagram,India,487215,2025-07-08,0.44002608086678635,54664
72,11,TikTok,video,2024-08-04 17:30:44,Now scientist brother moment question street reflect foreign cup hot to wind sea.,#music #motivation #nature,72,317243,4646,132,498294,2025-12-09 00:04:34,unknown_user,TikTok,South Africa,795767,2025-09-14,0.6462469947460736,322021
73,72,YouTube,video,2025-08-17 01:45:20,Will fish oil generation central begin goal rise read imagine.,#lifestyle #motivation #nature,73,48760,3685,1519,80945,2025-06-05 00:54:34,michaelarnold,YouTube,Canada,992942,2021-05-02,0.6666749027117178,53964
74,24,TikTok,story,2025-02-09 14:08:08,With grow task represent let hot form mission child among just cost other.,#lifestyle #health #photography,74,36095,629,2350,233252,2026-03-05 00:25:17,qpearson,TikTok,Nigeria,896965,2024-12-09,0.1675183921252551,39074
75,172,Instagram,image,2024-07-08 23:17:12,Grow walk wall walk international exactly again play indicate like.,#health #lifestyle #beauty,75,164828,3006,1630,278089,2026-04-10 19:39:02,yedwards,Instagram,Ghana,417921,2022-11-27,0.6093876420858071,169464
76,127,YouTube,reel,2025-06-12 08:13:50,Participant father reason recognize agent while law citizen because reality hour page Democrat.,#lifestyle #photography #art,76,59479,2283,1022,341056,2025-04-21 00:58:32,jameshoward,TikTok,Ghana,702358,2021-06-14,0.1840870707449803,62784
77,141,TikTok,image,2025-02-08 16:18:49,Address seem side room leave chair watch food live.,#travel #health #tech,77,8482,1524,2044,14086,2025-06-08 04:50:41,unknown_user,YouTube,Nigeria,984639,2023-01-25,0.8554593213119409,12050
78,83,TikTok,image,2024-07-26 01:09:36,More head capital away lose thing.,#photography #music #fitness,78,68623,4601,482,203392,2025-06-09 16:16:19,conleycarol,Instagram,South Africa,74541,2023-06-19,0.36238396790434235,73706
79,169,TikTok,story,2026-03-11 17:21:15,Indeed talk change movie out well meeting return almost training.,#fitness #fashion #music,79,233975,2132,2883,406804,2026-01-26 08:39:11,srichardson,Instagram,Canada,233338,2023-11-29,0.5874819323310488,238990
80,93,YouTube,story,2025-05-18 07:12:24,They TV girl ball term fine so focus fight official add those.,#nature #art #fitness,80,64382,2339,2842,112996,2025-08-28 09:22:29,mbender,TikTok,USA,444254,2021-07-02,0.6156235618959963,69563
82,179,Instagram,story,2025-06-30 03:54:21,Name sister follow goal media all time population stage collection political son under.,#fitness #motivation #sports,82,116683,1414,2921,237500,2025-04-24 05:20:47,dmorgan,TikTok,South Africa,113768,2025-11-24,0.5095494736842106,121018
83,205,YouTube,video,2025-08-02 09:01:35,President field power around hand third year avoid.,#food #tech #music,83,22768,2618,2735,46527,2025-06-03 13:48:07,annethompson,Instagram,Ghana,705577,2024-11-22,0.6044017452232038,28121
84,4,Instagram,story,2024-04-14 05:15:57,Central student off man step everyone dream.,#fashion #photography #travel,84,284253,531,2252,372503,2025-07-29 13:05:07,michaelpitts,Instagram,India,91261,2023-06-02,0.7705602370987616,287036
85,119,YouTube,image,2025-11-01 08:55:38,Structure citizen brother task teach event drive.,#photography #food #nature,85,45636,2457,645,152733,2025-11-27 22:31:51,zimmermanlinda,YouTube,Nigeria,892797,2022-02-07,0.31910589067195694,48738
86,184,YouTube,reel,2024-10-08 10:47:21,Analysis bring sit enough indicate public leader yourself deal set resource boy.,#beauty #tech #lifestyle,86,117567,2961,2083,416625,2025-08-17 14:21:58,thomaswilson,TikTok,South Africa,743315,2025-06-02,0.2942958295829583,122611
87,214,TikTok,story,2024-04-29 16:25:37,A best field feeling through majority country trouble blue.,#fashion #nature #music,87,15514,1646,568,64128,2025-11-13 04:49:14,hodgesangela,Instagram,UK,229571,2024-05-22,0.27644710578842313,17728
88,38,Instagram,story,2026-01-13 22:21:15,Run though present respond first read detail because also today hit left necessary.,#business #sports #music,88,189213,4047,107,414883,2025-12-28 11:34:16,scottholly,YouTube,USA,223055,2025-11-25,0.4660759780468228,193367
89,192,Instagram,video,2025-12-03 15:41:32,Buy reveal once movement miss southern adult figure.,#tech #art #photography,89,245055,4688,1511,290966,2025-04-13 21:37:37,michael71,TikTok,Egypt,581443,2022-01-18,0.8635166995456514,251254
90,219,TikTok,story,2024-05-07 12:23:45,Property agreement sing strategy apply discover build not oil local minute food why.,#business #art #music,90,320837,4519,531,421850,2026-01-14 21:38:54,hharris,YouTube,USA,996288,2025-10-14,0.772518667772905,325887
92,149,Instagram,story,2024-08-28 10:15:09,Exactly American she feel answer practice.,#nature #music #business,92,107687,3921,2153,209250,2025-07-26 19:40:57,jarvisjoseph,TikTok,Egypt,46328,2024-10-11,0.5436606929510155,113761
93,89,YouTube,reel,2024-05-28 21:54:50,Price which teacher red cultural sport she senior.,#art #music #lifestyle,93,38666,3354,2354,403763,2025-04-16 05:51:48,julie85,Instagram,Brazil,604301,2023-02-24,0.10990110535140664,44374
94,117,Instagram,reel,2024-08-02 19:23:05,Imagine personal first instead pressure left land official interest rather wish occur probably.,#beauty #fashion #sports,94,9720,2597,2631,66207,2025-11-24 01:32:15,smiller,YouTube,Canada,527376,2023-04-14,0.22577673055719183,14948
95,99,TikTok,video,2025-06-24 14:33:13,Stand onto play plant note senior walk rock right stand suddenly fill research.,#fitness #health #beauty,95,135622,3816,2785,236416,2025-12-18 04:53:42,eaguilar,Instagram,India,470505,2025-07-13,0.601579419328641,142223
96,122,TikTok,story,2026-01-02 23:57:19,Reach range buy table subject but international field purpose.,#motivation #art #business,96,167718,1051,2258,181124,2025-09-07 15:11:38,raymond41,Instagram,Brazil,258275,2021-05-08,0.9442536604756963,171027
97,39,Instagram,story,2024-06-09 13:42:57,Argue loss job crime this little its ok.,#food #music #sports,97,226816,1490,528,308669,2025-11-23 17:42:18,dhernandez,YouTube,Canada,414950,2021-06-15,0.7413572467594738,228834
98,85,TikTok,image,2024-07-04 03:52:32,Night public rather man eye why picture Democrat government.,#travel #music #nature,98,80224,453,508,264145,2025-09-19 19:06:14,shawnnicholson,Instagram,South Africa,901493,2022-05-01,0.30735012966363173,81185
99,4,TikTok,video,2025-02-24 16:29:51,Tell contain TV imagine plant feel wind pressure meeting popular character present.,#photography #motivation #food,99,84583,1348,663,159948,2025-10-29 20:20:22,michaelpitts,Instagram,India,91261,2023-06-02,0.5413884512466551,86594
100,20,TikTok,story,2026-02-28 01:21:27,Environment address section newspaper take baby various the community shake from someone how.,#health #sports #beauty,100,272051,1847,1417,490571,2025-08-16 03:36:17,cory12,YouTube,Brazil,928563,2022-09-07,0.5612133615725349,275315
101,102,TikTok,image,2025-11-22 12:25:48,Quality great beat process interesting head less public rich billion focus town vote.,#photography #motivation #music,101,131389,2326,323,469698,2026-03-24 18:41:30,sabrina92,Instagram,Canada,847372,2021-11-09,0.2853705998322326,134038
102,98,YouTube,reel,2025-08-26 13:04:59,Mother stock inside risk film long material daughter building choose consumer crime turn.,#beauty #art #nature,102,16406,4512,1124,103418,2025-04-13 08:42:37,melissa34,Instagram,Ghana,200996,2024-08-29,0.2131350441895995,22042
103,139,YouTube,image,2026-03-30 18:16:42,Also writer action involve out blood lay week her hour ever example.,#travel #fashion #motivation,103,279696,2480,2516,328191,2026-02-11 00:13:09,marissaestes,YouTube,India,8303,2022-06-04,0.8674582788680981,284692
104,176,Instagram,reel,2025-12-13 02:33:37,Employee economic great almost why become effect.,#beauty #travel #lifestyle,104,11051,4117,2625,49483,2025-09-10 16:10:37,mlopez,YouTube,India,347335,2022-01-27,0.35957803690156215,17793
105,26,TikTok,image,2025-09-11 05:56:13,Will operation she Mrs idea realize fly thus.,#food #beauty #tech,105,89758,4756,631,310778,2026-01-24 10:44:08,meganparks,TikTok,Canada,666663,2024-11-30,0.3061510145505795,95145
106,8,TikTok,image,2024-09-28 20:02:14,Thus positive second into phone hour represent.,#art #fitness #tech,106,295498,4957,1382,345865,2025-04-15 05:41:55,rcarter,Instagram,India,208596,2025-08-07,0.8727017767047837,301837
107,92,TikTok,reel,2025-10-09 12:50:19,Provide play street best read agent.,#food #fashion #music,107,1489,232,332,22097,2025-04-12 08:34:38,jamescrawford,Instagram,Nigeria,691093,2022-10-06,0.092908539620763,2053
108,106,Instagram,video,2025-04-24 02:30:11,Mr quality continue either adult industry others quickly effort second.,#food #travel #sports,108,341379,4724,1084,497811,2025-06-01 07:00:24,hubbardlatasha,Instagram,Kenya,426256,2023-04-06,0.6974273368808644,347187
109,98,TikTok,video,2024-06-11 16:29:08,Pay some someone there rule move.,#business #sports #food,109,81016,4686,1706,111024,2025-06-22 16:45:44,melissa34,Instagram,Ghana,200996,2024-08-29,0.7872892347600519,87408
110,60,YouTube,story,2024-09-14 16:19:52,Product already respond significant third throw goal.,#tech #nature #business,110,328814,248,2039,335515,2025-09-14 16:57:20,laurenrobinson,Instagram,Egypt,882654,2022-07-27,0.9868441053306112,331101
111,171,TikTok,image,2024-07-08 03:22:37,Child effect realize major near look paper administration decade.,#business #tech #motivation,111,158384,2372,2629,286539,2025-10-05 23:26:25,unknown_user,TikTok,Ghana,233852,2025-08-09,0.5702016130439487,163385
112,140,Instagram,video,2024-10-13 17:24:05,Effect job recent herself owner sometimes last product much sell have since evidence.,#nature #health #sports,112,106454,2006,2805,253702,2025-12-02 04:35:24,hamptonclarence,YouTube,India,314021,2022-05-16,0.4385657188354842,111265
113,77,YouTube,story,2025-10-05 11:44:08,Must cold same firm management plant exactly customer how example street practice.,#tech #nature #business,113,15705,3715,298,156441,2025-09-26 10:00:23,hwilliams,TikTok,UK,704414,2021-10-26,0.12604112732595674,19718
114,51,TikTok,story,2025-12-04 01:50:11,Challenge win help type present agree.,#travel #fashion #lifestyle,114,63471,3601,1702,83379,2025-09-02 22:13:11,unknown_user,YouTube,Canada,554916,2025-02-11,0.8248359898775471,68774
115,147,YouTube,reel,2024-07-03 09:07:08,Child often catch customer friend receive far.,#tech #beauty #business,115,159032,1671,1393,244001,2025-08-10 10:33:11,lopezsamantha,TikTok,Egypt,949414,2023-02-12,0.6643251462084172,162096
116,6,TikTok,story,2026-03-13 01:26:04,Season to final force better west current goal real southern.,#fitness #sports #motivation,116,41853,2560,2942,75823,2026-01-16 10:14:04,kevinmclaughlin,Instagram,Nigeria,229358,2023-12-03,0.624546641520383,47355
117,200,YouTube,image,2024-05-10 01:39:08,Sell its order hand charge parent push evening business physical.,#beauty #nature #tech,117,68559,2829,1633,385432,2026-03-16 18:41:40,nicholas13,TikTok,Canada,463346,2021-04-23,0.18945235476037278,73021
118,199,YouTube,video,2025-11-20 23:15:03,Need maybe whatever personal bring TV expect each animal one season certainly.,#art #health #fashion,118,294466,3035,2109,399307,2026-02-25 13:10:31,jerome74,YouTube,Brazil,686608,2022-03-03,0.7503249379550071,299610
119,163,YouTube,video,2025-10-29 17:12:30,Similar child the radio those challenge shoulder pay teach go agency.,#tech #motivation #art,119,30570,2614,990,56170,2025-12-02 18:29:50,warnerstephen,YouTube,Kenya,970833,2021-10-01,0.6084030621328111,34174
120,185,YouTube,video,2024-11-10 05:27:39,Condition thing design for summer yet produce theory culture body money window.,#travel #motivation #photography,120,16247,2191,1841,64736,2025-05-09 18:34:56,carrieduran,TikTok,South Africa,545275,2022-08-11,0.3132569204152249,20279
122,34,TikTok,image,2025-01-12 21:05:59,Tend free hold former research knowledge.,#health #beauty #lifestyle,122,219223,3146,2520,496153,2026-02-28 09:42:05,wilsonpaul,YouTube,USA,883894,2023-08-08,0.4532654241735916,224889
123,45,Instagram,video,2026-04-05 02:55:34,South begin determine shake throughout fund later.,#art #music #health,123,122388,1308,1341,130665,2026-01-05 05:42:49,xsantana,Instagram,Kenya,534377,2024-05-14,0.9569280220410975,125037
124,136,Instagram,reel,2025-12-30 15:36:37,Strategy form reason candidate pass station force.,#tech #photography #nature,124,83541,2561,777,303374,2025-11-19 10:15:29,wfernandez,Instagram,Ghana,387577,2024-06-06,0.28637589246276873,86879
125,207,YouTube,reel,2025-02-01 21:41:48,Better study determine must woman few former public.,#photography #health #art,125,130746,4216,1912,261734,2025-12-07 23:54:16,briananderson,Instagram,Kenya,25711,2024-05-30,0.522950782091742,136874
126,30,Instagram,story,2024-07-28 20:22:46,Notice free skin box idea change traditional listen hotel form resource material find.,#food #art #fashion,126,12151,2527,2037,461388,2025-06-07 23:38:17,pearsondavid,YouTube,Kenya,560186,2023-10-11,0.03622764354512904,16715
127,174,YouTube,story,2025-10-22 06:49:54,Matter part place interview case end report list may whose she question long.,#health #travel #art,127,29965,3221,2070,47711,2026-02-10 12:04:08,jesussanchez,Instagram,Egypt,368303,2026-03-02,0.7389490893085452,35256
128,102,TikTok,image,2026-02-06 19:25:03,But for Democrat most product my generation meet sea industry develop.,#music #travel #nature,128,46254,1762,2389,126711,2025-09-05 15:21:00,sabrina92,Instagram,Canada,847372,2021-11-09,0.3977949822825169,50405
129,95,YouTube,reel,2026-01-29 16:21:32,Have perhaps recently push care reason cause treatment network increase table then.,#lifestyle #photography #motivation,129,16216,414,1152,26010,2025-04-19 00:28:15,brownbrian,YouTube,South Africa,706173,2023-07-18,0.6836601307189543,17782
130,96,YouTube,image,2026-03-23 18:33:32,Local might by nearly any eat main interesting learn drug create certain sometimes.,#fashion #nature #fitness,130,281380,3855,1170,313771,2026-02-24 17:31:57,solisbenjamin,YouTube,Nigeria,63656,2024-06-28,0.9127835268396378,286405
131,159,YouTube,reel,2025-01-15 21:11:19,Whose increase daughter turn safe security build.,#fashion #motivation #travel,131,1097,880,1765,4787,2025-07-30 03:23:04,vjones,TikTok,South Africa,942690,2023-03-23,0.7817004386881137,3742
132,163,YouTube,story,2025-07-21 11:40:31,Real movie avoid whom watch these sell.,#tech #motivation #lifestyle,132,191772,2166,2979,463160,2025-06-21 05:45:28,warnerstephen,YouTube,Kenya,970833,2021-10-01,0.4251597720010364,196917
133,30,Instagram,video,2024-06-03 17:21:07,North art rich change alone town direction young me.,#fitness #tech #nature,133,23720,3303,1498,400980,2025-11-06 18:10:36,pearsondavid,YouTube,Kenya,560186,2023-10-11,0.07112823582223553,28521
134,30,Instagram,image,2024-12-29 11:24:30,Because billion matter oil general song amount plan successful today investment.,#business #music #food,134,147276,419,2335,210520,2025-06-29 09:49:11,pearsondavid,YouTube,Kenya,560186,2023-10-11,0.7126638799163975,150030
135,100,TikTok,story,2024-07-01 02:02:28,Budget like wait bed detail forward result too.,#motivation #beauty #photography,135,37827,2969,2266,102555,2026-01-27 15:03:03,kdickerson,Instagram,UK,192501,2024-01-12,0.4198917653941787,43062
136,139,YouTube,story,2024-09-15 23:48:56,Last think sort others political better cut paper table occur.,#beauty #business #food,136,29514,3164,2065,39051,2025-04-27 15:42:02,marissaestes,YouTube,India,8303,2022-06-04,0.8896827225935315,34743
137,107,TikTok,image,2024-09-20 10:10:53,News radio try enough radio store of protect clearly poor bag explain field.,#sports #lifestyle #tech,137,326758,4504,1145,401267,2025-12-31 06:24:11,amber13,TikTok,Canada,224230,2022-08-04,0.8283935633879687,332407
138,9,Instagram,reel,2025-01-04 17:05:34,Field because knowledge entire away style lose door threat.,#nature #business #fashion,138,50688,973,527,357224,2025-09-11 19:56:36,ariellove,YouTube,India,439998,2022-03-21,0.146093207623228,52188
139,219,Instagram,reel,2025-05-01 14:49:26,Measure send crime important politics cut word price either one religious.,#motivation #health #music,139,146232,3057,1388,207018,2026-01-20 10:25:37,hharris,YouTube,USA,996288,2025-10-14,0.7278449216976302,150677
140,166,Instagram,reel,2025-03-14 06:44:49,Class because newspaper trial need necessary.,#lifestyle #tech #fashion,140,104363,2995,590,492779,2025-12-22 00:33:23,ashley47,Instagram,USA,820491,2024-11-13,0.21905965960400098,107948
141,32,Instagram,story,2024-05-17 09:59:25,Who among treat work actually business bed executive sell seven.,#motivation #fashion #business,141,262184,4170,1644,316364,2026-01-23 02:54:43,laura91,TikTok,UK,283160,2021-05-31,0.8471191412423664,267998
142,164,Instagram,image,2026-03-22 17:37:45,Tell detail from view artist training organization read.,#art #health #fashion,142,4490,371,159,21605,2025-09-13 07:19:00,christophertorres,Instagram,Kenya,838842,2025-06-29,0.23235362184679473,5020
143,33,Instagram,video,2024-08-10 02:14:36,Drop its hard or miss between subject.,#photography #art #music,143,272279,2728,1940,374627,2025-10-18 15:28:35,thernandez,YouTube,India,230383,2021-11-13,0.7392606512611211,276947
144,54,Instagram,video,2024-10-18 00:09:01,Whatever join million fact model picture officer report only market more plant.,#health #art #food,144,234129,1220,2483,240093,2025-06-04 18:00:50,clamb,YouTube,Egypt,806034,2023-12-04,0.9905828158255343,237832
145,202,TikTok,image,2024-05-12 03:02:47,Door city impact leader ready stand management system ready similar certain thought.,#photography #food #business,145,167001,1145,1343,270773,2026-03-16 21:36:54,philliphoward,TikTok,Kenya,690955,2023-11-22,0.6259449797431798,169489
146,139,Instagram,reel,2025-09-20 22:00:44,Guess in something bill agreement only along build reveal arrive office all.,#travel #motivation #fitness,146,39221,3219,2525,85697,2025-08-22 10:14:16,marissaestes,YouTube,India,8303,2022-06-04,0.5246974806585994,44965
147,34,TikTok,image,2025-01-13 14:46:56,Act machine ever describe paper mission make impact serve probably.,#art #business #fashion,147,267236,2755,2077,311782,2025-12-09 08:18:23,wilsonpaul,YouTube,USA,883894,2023-08-08,0.872622537542257,272068
148,151,Instagram,reel,2025-02-14 05:53:14,Address free camera of phone air year.,#food #tech #fitness,148,157176,4012,2902,279599,2025-08-26 05:18:00,unknown_user,Instagram,Egypt,169530,2021-05-20,0.5868762048505181,164090
149,33,YouTube,story,2024-05-22 04:02:51,Join rule teach lot out force understand federal admit deep.,#travel #beauty #business,149,86832,136,1508,249480,2025-08-09 11:01:38,thernandez,YouTube,India,230383,2021-11-13,0.35464165464165465,88476
150,122,TikTok,story,2024-10-04 06:20:16,Plan worry course far table few themselves middle.,#music #sports #travel,150,306028,897,1706,353768,2025-11-23 09:43:18,raymond41,Instagram,Brazil,258275,2021-05-08,0.8724107324574297,308631
152,169,TikTok,reel,2025-02-01 23:58:12,Space black real cold public another yourself wish sense do.,#motivation #fitness #photography,152,59649,4738,2365,139714,2025-07-18 01:44:48,srichardson,Instagram,Canada,233338,2023-11-29,0.47777602817183673,66752
153,123,TikTok,story,2024-10-25 04:10:40,Partner form serious leg everyone will will range.,#motivation #travel #nature,153,251893,420,2390,378721,2025-12-27 02:43:31,elijah09,YouTube,Brazil,41772,2024-01-06,0.6725346627200498,254703
154,183,Instagram,story,2025-06-09 00:39:24,Meet staff entire number process however image.,#business #travel #health,154,81230,4294,2576,89897,2025-08-16 04:56:14,stevenwells,TikTok,Brazil,199412,2022-09-19,0.9800104564112262,88100
155,156,Instagram,video,2026-02-09 09:45:28,Book wait year better fear clearly.,#food #tech #sports,155,356896,3114,605,406616,2026-03-25 20:40:46,mgarcia,Instagram,USA,610905,2023-07-18,0.8868686918370158,360615
156,163,TikTok,reel,2025-06-29 16:02:05,Smile here guess new people usually can work.,#sports #music #tech,156,124283,258,2345,127480,2025-04-20 01:08:39,warnerstephen,YouTube,Kenya,970833,2021-10-01,0.9953404455600878,126886
157,117,Instagram,story,2025-07-13 02:23:24,Best save fight approach bar return still political special picture peace day by.,#art #beauty #travel,157,9928,900,781,367774,2025-04-19 16:30:07,smiller,YouTube,Canada,527376,2023-04-14,0.031565581036179825,11609
158,219,TikTok,video,2025-12-22 12:35:07,Executive poor part alone Democrat management particular pass.,#nature #fashion #lifestyle,158,39696,2569,1715,231731,2025-07-27 06:37:20,hharris,YouTube,USA,996288,2025-10-14,0.18978902261674097,43980
159,87,TikTok,story,2024-07-10 12:42:44,Performance drug itself he town certainly news you.,#lifestyle #beauty #travel,159,131548,1670,1680,217010,2025-09-02 03:34:21,kleincharles,Instagram,Egypt,701574,2023-08-06,0.6216211234505322,134898
160,81,TikTok,story,2024-06-18 00:48:02,Environmental beautiful direction reveal give another sit environment religious authority stay big.,#motivation #tech #health,160,32653,3863,2979,406808,2025-08-04 15:15:48,unknown_user,TikTok,South Africa,616986,2021-07-02,0.09708511140390552,39495
162,111,YouTube,image,2024-10-25 10:04:10,Realize general street bring price condition on while fine he impact.,#beauty #health #art,162,250804,2662,2712,294566,2026-02-25 02:14:16,unknown_user,TikTok,India,694122,2022-07-24,0.8696794606302153,256178
163,34,YouTube,image,2024-08-26 08:58:34,Fly expect give break one wide decade student.,#music #business #health,163,90797,3086,1285,276001,2025-11-03 16:48:41,wilsonpaul,YouTube,USA,883894,2023-08-08,0.34481034489005474,95168
164,172,TikTok,image,2026-03-31 19:49:50,Claim clearly others the Mrs as attack affect.,#health #photography #motivation,164,143202,4367,1402,241496,2025-06-23 07:48:17,yedwards,Instagram,Ghana,417921,2022-11-27,0.6168673601219068,148971
165,193,YouTube,story,2024-10-18 09:54:45,Against executive myself strategy right reach can crime give grow college already help think.,#fitness #tech #sports,165,126924,2165,2498,186248,2025-09-08 20:19:23,cryan,Instagram,Ghana,440969,2022-11-07,0.7065149692882609,131587
166,80,Instagram,reel,2025-07-28 00:16:27,Plant ability turn fly official recognize color center standard develop hospital represent.,#sports #music #fashion,166,73149,2019,1142,101301,2025-11-22 20:50:31,hbell,Instagram,Ghana,67236,2022-11-11,0.7532995725609817,76310
167,40,Instagram,story,2024-10-08 19:55:15,Ten reason build answer second if minute thus style since rise.,#photography #travel #health,167,75760,1842,1219,156999,2025-06-23 11:49:27,patriciavazquez,YouTube,Canada,149911,2026-03-25,0.5020477837438455,78821
168,217,Instagram,reel,2024-06-27 16:59:23,Important young cultural against road kitchen.,#art #tech #sports,168,369616,1698,2827,370071,2025-06-14 15:03:11,andre76,Instagram,Canada,139916,2022-08-19,1.010997889594159,374141
169,58,YouTube,story,2025-02-27 19:23:55,Meet course decide month owner here nature interesting onto act admit collection.,#art #photography #sports,169,91436,2597,1965,256878,2025-07-06 04:45:37,mcmahonann,YouTube,Egypt,525002,2025-08-26,0.3737104773472232,95998
170,158,YouTube,image,2025-09-02 05:46:37,Eight stand modern make fly military dinner yourself beyond guy yourself.,#business #motivation #beauty,170,63897,2240,1178,294356,2025-10-03 09:44:21,alvaradomichael,Instagram,South Africa,323332,2023-04-30,0.22868567313049504,67315
171,69,Instagram,image,2024-11-14 10:00:19,Series plan commercial manage than seem argue away fast.,#tech #beauty #art,171,206848,4449,1555,301167,2026-02-02 13:47:22,gcontreras,Instagram,Nigeria,767560,2025-01-05,0.7067573804566901,212852
172,80,TikTok,reel,2024-07-06 08:51:27,Rule contain sound fly surface drop conference so sometimes agreement name child yet.,#fitness #food #photography,172,152280,2827,599,429565,2025-04-13 03:10:11,hbell,Instagram,Ghana,67236,2022-11-11,0.3624736652194662,155706
173,145,Instagram,story,2024-10-25 01:32:14,Cell high material fire clearly nor wish man certainly.,#food #beauty #motivation,173,2589,2356,2925,22554,2025-11-01 19:57:45,lynchgeorge,Instagram,USA,213587,2021-05-19,0.3489403210073601,7870
174,8,YouTube,image,2025-09-06 23:24:52,Actually community focus name I imagine baby.,#music #fashion #lifestyle,174,67225,3623,2686,182094,2025-07-14 23:36:49,rcarter,Instagram,India,208596,2025-08-07,0.40382439838764594,73534
175,108,TikTok,story,2024-11-08 12:55:39,Knowledge send thus health degree commercial in indeed ready worker program.,#food #health #tech,175,105941,3924,876,392320,2025-08-19 18:35:10,qrodriguez,TikTok,South Africa,172734,2026-01-15,0.2822721247960848,110741
176,185,YouTube,reel,2026-02-23 03:37:17,Simple population keep factor product training notice charge.,#sports #travel #fitness,176,294659,4412,1110,434585,2025-08-24 18:59:46,carrieduran,TikTok,South Africa,545275,2022-08-11,0.6907302368926678,300181
177,40,YouTube,video,2025-12-09 13:46:11,Former popular ago country begin small best might north during rich suggest.,#fitness #motivation #travel,177,57266,2225,562,365494,2025-12-18 14:34:28,patriciavazquez,YouTube,Canada,149911,2026-03-25,0.164306390802585,60053
178,70,YouTube,story,2024-04-28 12:25:07,Drug authority design discuss nothing station.,#lifestyle #nature #sports,178,127117,4807,980,323292,2025-10-15 00:50:18,pbaird,TikTok,Nigeria,797649,2022-12-23,0.41109585142843,132904
179,114,TikTok,story,2025-02-26 04:40:28,Amount hold prevent every sister culture.,#fashion #art #music,179,20904,4350,924,27115,2025-06-25 15:06:03,amy05,Instagram,Brazil,771576,2023-09-22,0.9654434814678222,26178
180,30,TikTok,reel,2024-06-25 15:36:13,Where radio politics can hard explain.,#travel #tech #motivation,180,54172,430,410,122573,2026-03-02 10:45:42,pearsondavid,YouTube,Kenya,560186,2023-10-11,0.4488100968402503,55012
182,57,YouTube,story,2024-09-24 15:32:11,Can think effort issue until simple assume.,#fitness #business #fashion,182,288543,1126,21,404603,2025-11-03 00:34:47,cooperdaniel,TikTok,South Africa,757268,2022-02-28,0.7159857934815115,289690
183,78,Instagram,video,2025-07-09 08:18:49,White large few admit north through should.,#art #tech #photography,183,342303,1293,1666,487615,2025-12-21 01:45:59,gordonsara,YouTube,USA,459481,2021-12-20,0.7080627134111953,345262
184,84,Instagram,image,2025-02-05 22:09:42,Yeah very main we apply return key such teach.,#nature #beauty #lifestyle,184,341069,3896,1955,490726,2025-06-14 10:23:38,senglish,YouTube,South Africa,240162,2024-12-03,0.7069525560088522,346920
185,45,TikTok,video,2025-12-15 20:23:33,Be audience black night identify behavior reach describe.,#music #beauty #fashion,185,37409,2353,1315,105072,2026-02-20 15:22:28,xsantana,Instagram,Kenya,534377,2024-05-14,0.39094144967260547,41077
186,129,Instagram,reel,2025-05-24 15:59:05,Grow see range once animal hotel between.,#lifestyle #photography #beauty,186,301011,484,366,339136,2025-10-07 12:34:58,watersdaniel,TikTok,UK,137335,2024-05-16,0.8900883421400264,301861
187,11,Instagram,story,2024-11-17 18:43:37,Blue already together end decision than training field.,#nature #travel #health,187,111454,4383,2961,122250,2025-09-28 18:22:20,unknown_user,TikTok,South Africa,795767,2025-09-14,0.971762781186094,118798
188,148,YouTube,story,2026-03-27 22:17:25,Important chance least keep city everyone none turn include machine PM.,#lifestyle #beauty #motivation,188,219092,305,717,491584,2025-07-13 22:26:12,nicole97,Instagram,Nigeria,665195,2022-07-06,0.447764776721781,220114
189,107,Instagram,reel,2024-09-15 13:28:26,Oil finish amount kid leader official forget.,#lifestyle #fitness #health,189,438411,1440,148,463050,2025-10-29 02:54:46,amber13,TikTok,Canada,224230,2022-08-04,0.9502191987906273,439999
190,44,YouTube,story,2025-04-28 14:06:31,Without discussion purpose task price though per candidate we medical professional.,#business #health #travel,190,196346,4058,763,208639,2025-10-19 12:50:41,deanna27,YouTube,UK,379680,2022-11-14,0.9641869449144216,201167
191,112,Instagram,image,2025-06-28 19:56:14,Attorney industry modern soldier music executive election example someone.,#lifestyle #sports #business,191,4858,2371,153,457831,2025-05-13 17:38:04,scott94,YouTube,Canada,162416,2022-08-30,0.016123853561685424,7382
192,135,TikTok,image,2024-04-12 06:51:56,Note society sister rock its chance red various.,#photography #tech #beauty,192,28128,4652,2468,156943,2026-01-06 07:33:06,rwashington,Instagram,USA,923753,2025-06-21,0.22459109358174623,35248
193,87,TikTok,video,2026-03-20 12:02:00,Could year coach church nearly a debate order sort institution bank bed.,#art #food #travel,193,238209,2744,1165,487277,2025-07-09 22:39:38,kleincharles,Instagram,Egypt,701574,2023-08-06,0.4968795982572541,242118
194,131,YouTube,image,2026-03-11 20:39:45,Program respond condition beyond hot agency image alone blood affect phone trade arrive.,#music #fashion #art,194,258952,4450,2147,336732,2025-07-29 12:43:41,unknown_user,TikTok,Nigeria,9867,2021-06-09,0.7886063694570162,265549
195,90,YouTube,reel,2024-10-21 05:57:15,Agent open war even practice friend really finish gas example protect.,#photography #motivation #food,195,245377,1099,2065,466728,2025-06-17 19:10:36,xdawson,TikTok,Ghana,822833,2025-08-23,0.5325178690800637,248541
196,61,Instagram,image,2025-10-22 07:12:49,Bed guess pick represent story miss tell even camera drive.,#tech #fashion #food,196,86686,1579,461,143545,2026-01-10 10:11:32,unknown_user,YouTube,India,638651,2025-07-01,0.6181058204744156,88726
197,155,YouTube,video,2024-10-25 04:57:54,She democratic generation necessary degree rise their impact claim ability.,#travel #food #art,197,33720,3759,2655,85693,2025-06-10 06:03:58,mccartyjoseph,YouTube,Kenya,572192,2021-12-03,0.46834630599932314,40134
198,161,TikTok,story,2024-08-10 07:07:55,Fish budget capital serious current style into bill.,#art #sports #business,198,176743,1525,57,377252,2025-08-01 16:30:10,unknown_user,Instagram,Nigeria,370958,2024-08-26,0.4726946444286578,178325
199,149,YouTube,story,2025-05-08 05:21:13,Add give watch believe significant stuff face life those see kitchen reason.,#business #sports #motivation,199,353580,2416,2325,415089,2025-09-10 08:13:52,jarvisjoseph,TikTok,Egypt,46328,2024-10-11,0.8632389680285433,358321
200,163,YouTube,reel,2025-08-04 11:19:54,Growth painting huge source interesting political if through ten arm body.,#health #food #nature,200,320316,1582,718,397534,2025-10-31 04:15:05,warnerstephen,YouTube,Kenya,970833,2021-10-01,0.8115431636036163,322616
202,152,TikTok,image,2026-02-08 19:22:27,Beautiful color computer condition some probably this fire.,#music #travel #tech,202,25004,710,1641,172428,2025-12-30 22:00:42,melindaskinner,YouTube,Canada,578578,2025-10-01,0.15864592757556778,27355
203,119,Instagram,story,2025-12-02 01:14:35,Find else society miss necessary glass run family mission else ago.,#fitness #health #tech,203,42415,1151,1955,97378,2025-07-26 08:43:32,zimmermanlinda,YouTube,Nigeria,892797,2022-02-07,0.46746698432910927,45521
204,20,YouTube,image,2024-11-15 08:08:49,Leader management skin program memory way class moment exist arm night discuss trip.,#sports #music #lifestyle,204,136726,2032,27,491142,2026-01-03 18:54:50,cory12,YouTube,Brazil,928563,2022-09-07,0.28257611851562275,138785
205,119,TikTok,image,2025-12-22 20:14:44,Present write state control nearly system mention trade.,#business #art #sports,205,197592,1929,1829,201603,2025-06-27 18:09:23,zimmermanlinda,YouTube,Nigeria,892797,2022-02-07,0.9987450583572665,201350
206,167,TikTok,video,2025-05-10 04:27:35,Light mouth hospital nice house hold bad only article.,#sports #nature #music,206,2997,2700,1236,140481,2025-08-27 16:46:29,jacobwise,TikTok,Ghana,279866,2022-07-05,0.049351869647852736,6933
207,39,TikTok,image,2024-05-19 22:14:25,Court safe smile vote impact strong us music action sit medical data.,#travel #art #health,207,61945,2945,2837,137629,2025-05-19 17:09:04,dhernandez,YouTube,Canada,414950,2021-06-15,0.49209832230125916,67727
208,183,YouTube,image,2024-07-06 00:31:02,Fill skin truth white crime show agreement tonight pay road.,#motivation #food #fitness,208,20106,968,1906,33071,2025-11-02 12:59:36,stevenwells,TikTok,Brazil,199412,2022-09-19,0.6948686160079828,22980
209,64,TikTok,story,2025-06-13 23:23:59,Form wide inside available wife role record tend end recent.,#music #business #sports,209,65866,3321,2810,84237,2025-08-26 09:47:41,ayalajennifer,YouTube,South Africa,628138,2023-03-19,0.8546956800455857,71997
210,41,TikTok,reel,2025-12-27 00:17:39,Interesting per tax soldier short product lead rather prevent seat international time security.,#business #tech #lifestyle,210,61559,2547,2827,484473,2026-01-04 18:47:12,unknown_user,TikTok,Kenya,258707,2026-02-28,0.13815630592416914,66933
212,162,Instagram,reel,2025-07-17 16:00:28,Father government course range behavior say effect house.,#health #travel #music,212,62676,1795,547,116288,2025-07-26 19:48:52,hhaas,YouTube,UK,650910,2021-05-01,0.559111860209136,65018
213,174,TikTok,story,2024-10-27 19:56:18,Stuff audience scientist statement race itself month many of.,#tech #beauty #motivation,213,48971,3727,2481,80813,2025-05-18 20:57:17,jesussanchez,Instagram,Egypt,368303,2026-03-02,0.6827985596376821,55179
214,155,TikTok,video,2026-01-30 00:37:25,Decision probably name north dark very create modern.,#travel #sports #motivation,214,198534,4499,1928,218522,2026-04-08 14:39:27,mccartyjoseph,YouTube,Kenya,572192,2021-12-03,0.9379421751585653,204961
215,37,TikTok,reel,2024-11-25 21:16:58,Top officer real general spring with physical position southern wish perhaps.,#motivation #beauty #business,215,42923,1789,1013,282314,2026-01-17 17:42:11,barrymata,TikTok,Nigeria,221331,2022-10-15,0.1619650460125959,45725
216,101,YouTube,video,2025-05-14 23:38:02,Huge power conference but growth fire detail dinner performance.,#beauty #travel #tech,216,189679,3659,2163,276016,2026-03-14 20:58:40,unknown_user,TikTok,Canada,262041,2026-02-09,0.7082958958900933,195501
217,144,YouTube,story,2025-02-14 08:02:07,Current listen again memory network official continue.,#art #health #food,217,4047,4621,459,41448,2025-04-15 13:58:23,stevensdan,TikTok,Egypt,634310,2025-05-16,0.2202036286431191,9127
218,172,YouTube,image,2025-05-21 06:09:10,Reduce concern daughter skill will condition camera I.,#motivation #lifestyle #music,218,105988,4486,2070,435016,2025-06-11 04:29:54,yedwards,Instagram,Ghana,417921,2022-11-27,0.2587123232248929,112544
219,93,TikTok,image,2025-05-09 02:47:10,May more sure customer now interesting standard.,#tech #food #fashion,219,86264,4396,613,300760,2025-11-12 20:50:01,mbender,TikTok,USA,444254,2021-07-02,0.30347453118765794,91273
220,88,Instagram,story,2025-12-18 18:10:49,Dog tax north sometimes big much morning change professional.,#fashion #food #photography,220,30471,4262,1809,172528,2025-06-18 17:04:55,pmartinez,TikTok,Ghana,565527,2024-07-14,0.21180330149309098,36542
