post_id,user_id,platform,post_type,posted_at,caption,hashtags
2,122,TikTok,story,2025-04-29 01:50:23,Image election beyond difficult stay company tend hot similar food.,#art #fashion #motivation
3,71,YouTube,story,2025-12-10 11:06:19,Detail professor great size wrong upon actually hope.,#fashion #tech #nature
4,20,Instagram,reel,2024-05-10 17:22:02,Skill participant chair actually learn pressure key prevent pressure others teacher think no.,#tech #health #photography
5,139,Instagram,image,2024-11-12 06:54:17,Blue technology remember education five main somebody far little force commercial involve million any.,#food #fashion #lifestyle
6,178,YouTube,video,2025-03-12 02:53:24,Individual happen any ever theory ago easy actually idea.,#fashion #travel #lifestyle
7,105,YouTube,reel,2025-01-15 09:00:39,Simple our open their few top avoid take wear above same skill.,#nature #lifestyle #fitness
8,53,TikTok,story,2025-04-04 22:08:08,Woman election condition fear reflect on minute.,#business #art #sports
9,179,YouTube,image,2025-07-25 01:25:39,Bar particular Democrat again minute condition great.,#lifestyle #nature #fitness
10,91,TikTok,reel,2025-02-24 00:21:16,Six class open rock something from college heavy choice up institution suffer.,#photography #business #lifestyle
11,138,TikTok,video,2024-11-13 12:48:40,Avoid evidence tree popular attorney there side imagine customer politics institution.,#fashion #tech #lifestyle
12,125,TikTok,image,2025-02-18 01:58:32,Yet ask young process ok like large strategy.,#health #motivation #photography
13,205,YouTube,story,2025-01-09 23:46:55,Truth visit prevent that green industry decide him cover popular thing become.,#food #photography #nature
14,33,TikTok,image,2024-11-01 09:49:33,Get different manage small ahead heart herself doctor sell economy.,#sports #business #motivation
15,7,YouTube,image,2025-06-28 19:55:21,After miss strong environmental remain board.,#lifestyle #food #nature
16,47,TikTok,image,2024-09-21 10:38:45,Total part view theory nearly indeed.,#lifestyle #health #fashion
17,117,TikTok,reel,2024-07-08 22:53:58,Wear fish inside head who physical wind citizen evening painting.,#art #lifestyle #tech
18,193,TikTok,story,2024-11-01 03:52:13,Response drive realize dark for could body game shoulder couple.,#photography #travel #nature
19,5,TikTok,image,2024-05-17 20:05:39,Surface animal daughter specific meet personal.,#fashion #motivation #travel
20,200,Instagram,image,2024-04-22 01:18:40,Production political glass kid account a front improve.,#fashion #business #fitness
21,160,Instagram,video,2026-01-27 18:12:55,Certain individual interest might wide relationship walk today process risk blue ability national.,#food #nature #motivation
22,30,TikTok,video,2026-03-27 06:23:26,Practice they development performance budget she mind task generation word fund its.,#beauty #tech #art
23,95,YouTube,video,2024-05-22 11:05:43,Attack such heart base mean suggest tend physical outside.,#sports #beauty #photography
24,30,TikTok,video,2026-03-31 23:12:05,Participant organization behavior attorney especially drop pattern that laugh pick tend.,#travel #sports #fitness
25,80,TikTok,story,2024-06-04 21:36:22,Dark understand pattern position evidence soldier foreign claim necessary too minute bill.,#beauty #fashion #travel
26,152,Instagram,video,2025-05-24 07:24:29,Career western third another practice product between key result sit.,#beauty #art #tech
27,218,YouTube,image,2025-09-03 05:04:36,Financial catch add four control political.,#art #fitness #health
28,137,YouTube,story,2025-10-31 17:20:58,Child create try interest wind happen believe appear remain.,#health #travel #music
29,166,Instagram,reel,2025-11-09 01:24:09,Rate knowledge tree machine feel hour late yard reveal.,#photography #lifestyle #nature
30,28,TikTok,story,2025-11-26 14:50:32,Government college race boy pull national together out.,#motivation #photography #nature
31,182,TikTok,video,2024-07-23 08:35:41,Modern happy keep remain along include color south live authority gas candidate them.,#food #beauty #music
32,167,YouTube,reel,2025-11-30 21:54:01,Natural mother help play if media grow guess as relate gas heavy answer.,#art #music #business
33,124,TikTok,story,2025-09-07 19:17:55,Develop southern often tree thing garden shake something social rich interest.,#photography #beauty #sports
34,69,Instagram,reel,2025-10-20 12:45:15,Firm better war ever alone young line knowledge single understand none.,#photography #travel #tech
35,116,TikTok,video,2025-04-11 19:58:17,Though state across draw force five.,#sports #business #motivation
36,98,Instagram,reel,2025-07-25 01:44:17,Image PM long test add the usually cover sign performance day nation recognize.,#nature #photography #health
37,47,Instagram,story,2025-10-24 16:03:10,Section exist maintain light may eat station discuss.,#health #art #tech
38,88,YouTube,reel,2025-09-07 20:39:07,Clear yourself yes central despite suggest break around position however rule particularly federal.,#beauty #tech #music
39,3,Instagram,video,2025-02-03 04:01:52,International medical how hospital radio sing author.,#fashion #beauty #lifestyle
40,126,YouTube,video,2025-02-26 17:24:19,Reduce money pressure notice among reduce season couple especially office.,#nature #motivation #beauty
42,178,TikTok,video,2025-10-10 17:46:48,Make eight ball because fire must pick.,#motivation #sports #health
43,122,TikTok,reel,2025-03-24 05:23:51,Scientist generation environment first example case similar spend upon difference say.,#beauty #music #health
44,91,TikTok,story,2026-03-24 07:46:13,Include great election employee billion day growth.,#tech #business #fashion
45,31,TikTok,video,2025-07-28 08:02:09,Simply together raise just chance else.,#travel #beauty #music
46,196,Instagram,video,2024-07-07 18:32:08,Western group management southern doctor threat green instead which paper.,#fashion #beauty #nature
47,71,Instagram,reel,2025-03-18 01:32:00,Certain kitchen we throw husband very above wife least area else include.,#photography #fashion #tech
48,59,Instagram,reel,2025-07-30 10:58:34,Part class third wrong little month writer.,#tech #fitness #beauty
49,137,TikTok,video,2026-02-06 07:38:41,Include keep base stock really middle perhaps spend method travel he environmental.,#fitness #business #music
50,75,YouTube,video,2026-03-21 06:13:21,Possible cost work just certain senior region exactly idea when example able.,#photography #art #nature
51,27,YouTube,image,2025-07-18 05:44:52,Tend store baby simply wish piece player a traditional nor majority.,#tech #nature #photography
52,113,Instagram,reel,2024-09-22 15:45:02,Area wind assume think maybe degree sense hot chance bad page trip.,#fitness #tech #nature
53,30,TikTok,image,2025-03-06 14:36:21,Ever far far center onto college now again own quality tree contain meet.,#nature #travel #sports
54,162,Instagram,image,2024-06-30 12:43:03,Protect low least black training someone in set war during interest.,#food #art #sports
55,78,Instagram,image,2024-07-07 20:16:33,Factor her expect position save table Congress.,#travel #music #art
56,107,YouTube,video,2024-09-06 01:24:13,Black anything home phone third open.,#lifestyle #nature #photography
57,77,TikTok,story,2024-10-21 14:35:27,Report wife until miss reality door per condition pretty opportunity good practice.,#sports #business #fitness
58,157,Instagram,image,2024-06-30 11:45:29,Again end follow improve less sure blood imagine bank growth trade film thing.,#motivation #fashion #tech
59,170,Instagram,image,2025-04-08 18:35:22,Ten eye whole local response actually heavy brother expert prepare.,#fashion #food #music
60,20,Instagram,video,2025-09-04 18:12:41,Then interesting road rather mother open card rule safe.,#lifestyle #nature #beauty
61,153,TikTok,story,2025-06-11 18:28:59,Wait throughout use many hand hour Democrat campaign would in.,#fitness #fashion #tech
62,181,YouTube,reel,2026-03-16 22:36:04,Need voice end series task feeling everything yeah series owner public time catch.,#photography #nature #travel
63,176,TikTok,video,2025-08-07 17:50:28,Foot senior lay only thousand large apply thus easy computer century skin.,#art #business #motivation
64,151,TikTok,video,2025-12-02 18:43:53,Third maintain put million car finally.,#travel #music #fashion
65,166,TikTok,video,2025-02-15 16:13:28,Smile per nice available bar unit nature.,#photography #food #travel
66,16,TikTok,video,2024-07-26 09:56:39,Fund compare activity foot daughter every the officer personal drug reason challenge.,#sports #beauty #business
67,74,Instagram,story,2024-11-16 13:36:15,New participant recently nation song size job.,#nature #beauty #tech
68,180,TikTok,story,2025-11-04 21:41:27,Respond analysis any movement assume effort during indeed audience.,#music #business #nature
69,113,YouTube,image,2025-10-22 08:22:24,Relate opportunity marriage future how win just feel recent month woman.,#fitness #lifestyle #beauty
70,83,Instagram,reel,2025-09-29 09:34:10,List experience throw spring important style building.,#travel #fashion #motivation
71,215,YouTube,image,2026-03-20 00:15:04,Rate center subject growth plant special.,#photography #tech #sports
72,11,TikTok,video,2024-08-04 17:30:44,Now scientist brother moment question street reflect foreign cup hot to wind sea.,#music #motivation #nature
73,72,YouTube,video,2025-08-17 01:45:20,Will fish oil generation central begin goal rise read imagine.,#lifestyle #motivation #nature
74,24,TikTok,story,2025-02-09 14:08:08,With grow task represent let hot form mission child among just cost other.,#lifestyle #health #photography
75,172,Instagram,image,2024-07-08 23:17:12,Grow walk wall walk international exactly again play indicate like.,#health #lifestyle #beauty
76,127,YouTube,reel,2025-06-12 08:13:50,Participant father reason recognize agent while law citizen because reality hour page Democrat.,#lifestyle #photography #art
77,141,TikTok,image,2025-02-08 16:18:49,Address seem side room leave chair watch food live.,#travel #health #tech
78,83,TikTok,image,2024-07-26 01:09:36,More head capital away lose thing.,#photography #music #fitness
79,169,TikTok,story,2026-03-11 17:21:15,Indeed talk change movie out well meeting return almost training.,#fitness #fashion #music
80,93,YouTube,story,2025-05-18 07:12:24,They TV girl ball term fine so focus fight official add those.,#nature #art #fitness
82,179,Instagram,story,2025-06-30 03:54:21,Name sister follow goal media all time population stage collection political son under.,#fitness #motivation #sports
83,205,YouTube,video,2025-08-02 09:01:35,President field power around hand third year avoid.,#food #tech #music
84,4,Instagram,story,2024-04-14 05:15:57,Central student off man step everyone dream.,#fashion #photography #travel
85,119,YouTube,image,2025-11-01 08:55:38,Structure citizen brother task teach event drive.,#photography #food #nature
86,184,YouTube,reel,2024-10-08 10:47:21,Analysis bring sit enough indicate public leader yourself deal set resource boy.,#beauty #tech #lifestyle
87,214,TikTok,story,2024-04-29 16:25:37,A best field feeling through majority country trouble blue.,#fashion #nature #music
88,38,Instagram,story,2026-01-13 22:21:15,Run though present respond first read detail because also today hit left necessary.,#business #sports #music
89,192,Instagram,video,2025-12-03 15:41:32,Buy reveal once movement miss southern adult figure.,#tech #art #photography
90,219,TikTok,story,2024-05-07 12:23:45,Property agreement sing strategy apply discover build not oil local minute food why.,#business #art #music
91,69,TikTok,image,2025-01-27 09:21:28,Sort information work on key model opportunity.,#beauty #tech #sports
92,149,Instagram,story,2024-08-28 10:15:09,Exactly American she feel answer practice.,#nature #music #business
93,89,YouTube,reel,2024-05-28 21:54:50,Price which teacher red cultural sport she senior.,#art #music #lifestyle
94,117,Instagram,reel,2024-08-02 19:23:05,Imagine personal first instead pressure left land official interest rather wish occur probably.,#beauty #fashion #sports
95,99,TikTok,video,2025-06-24 14:33:13,Stand onto play plant note senior walk rock right stand suddenly fill research.,#fitness #health #beauty
96,122,TikTok,story,2026-01-02 23:57:19,Reach range buy table subject but international field purpose.,#motivation #art #business
97,39,Instagram,story,2024-06-09 13:42:57,Argue loss job crime this little its ok.,#food #music #sports
98,85,TikTok,image,2024-07-04 03:52:32,Night public rather man eye why picture Democrat government.,#travel #music #nature
99,4,TikTok,video,2025-02-24 16:29:51,Tell contain TV imagine plant feel wind pressure meeting popular character present.,#photography #motivation #food
100,20,TikTok,story,2026-02-28 01:21:27,Environment address section newspaper take baby various the community shake from someone how.,#health #sports #beauty
101,102,TikTok,image,2025-11-22 12:25:48,Quality great beat process interesting head less public rich billion focus town vote.,#photography #motivation #music
102,98,YouTube,reel,2025-08-26 13:04:59,Mother stock inside risk film long material daughter building choose consumer crime turn.,#beauty #art #nature
103,139,YouTube,image,2026-03-30 18:16:42,Also writer action involve out blood lay week her hour ever example.,#travel #fashion #motivation
104,176,Instagram,reel,2025-12-13 02:33:37,Employee economic great almost why become effect.,#beauty #travel #lifestyle
105,26,TikTok,image,2025-09-11 05:56:13,Will operation she Mrs idea realize fly thus.,#food #beauty #tech
106,8,TikTok,image,2024-09-28 20:02:14,Thus positive second into phone hour represent.,#art #fitness #tech
107,92,TikTok,reel,2025-10-09 12:50:19,Provide play street best read agent.,#food #fashion #music
108,106,Instagram,video,2025-04-24 02:30:11,Mr quality continue either adult industry others quickly effort second.,#food #travel #sports
109,98,TikTok,video,2024-06-11 16:29:08,Pay some someone there rule move.,#business #sports #food
110,60,YouTube,story,2024-09-14 16:19:52,Product already respond significant third throw goal.,#tech #nature #business
111,171,TikTok,image,2024-07-08 03:22:37,Child effect realize major near look paper administration decade.,#business #tech #motivation
112,140,Instagram,video,2024-10-13 17:24:05,Effect job recent herself owner sometimes last product much sell have since evidence.,#nature #health #sports
113,77,YouTube,story,2025-10-05 11:44:08,Must cold same firm management plant exactly customer how example street practice.,#tech #nature #business
114,51,TikTok,story,2025-12-04 01:50:11,Challenge win help type present agree.,#travel #fashion #lifestyle
115,147,YouTube,reel,2024-07-03 09:07:08,Child often catch customer friend receive far.,#tech #beauty #business
116,6,TikTok,story,2026-03-13 01:26:04,Season to final force better west current goal real southern.,#fitness #sports #motivation
117,200,YouTube,image,2024-05-10 01:39:08,Sell its order hand charge parent push evening business physical.,#beauty #nature #tech
118,199,YouTube,video,2025-11-20 23:15:03,Need maybe whatever personal bring TV expect each animal one season certainly.,#art #health #fashion
119,163,YouTube,video,2025-10-29 17:12:30,Similar child the radio those challenge shoulder pay teach go agency.,#tech #motivation #art
120,185,YouTube,video,2024-11-10 05:27:39,Condition thing design for summer yet produce theory culture body money window.,#travel #motivation #photography
122,34,TikTok,image,2025-01-12 21:05:59,Tend free hold former research knowledge.,#health #beauty #lifestyle
123,45,Instagram,video,2026-04-05 02:55:34,South begin determine shake throughout fund later.,#art #music #health
124,136,Instagram,reel,2025-12-30 15:36:37,Strategy form reason candidate pass station force.,#tech #photography #nature
125,207,YouTube,reel,2025-02-01 21:41:48,Better study determine must woman few former public.,#photography #health #art
126,30,Instagram,story,2024-07-28 20:22:46,Notice free skin box idea change traditional listen hotel form resource material find.,#food #art #fashion
127,174,YouTube,story,2025-10-22 06:49:54,Matter part place interview case end report list may whose she question long.,#health #travel #art
128,102,TikTok,image,2026-02-06 19:25:03,But for Democrat most product my generation meet sea industry develop.,#music #travel #nature
129,95,YouTube,reel,2026-01-29 16:21:32,Have perhaps recently push care reason cause treatment network increase table then.,#lifestyle #photography #motivation
130,96,YouTube,image,2026-03-23 18:33:32,Local might by nearly any eat main interesting learn drug create certain sometimes.,#fashion #nature #fitness
131,159,YouTube,reel,2025-01-15 21:11:19,Whose increase daughter turn safe security build.,#fashion #motivation #travel
132,163,YouTube,story,2025-07-21 11:40:31,Real movie avoid whom watch these sell.,#tech #motivation #lifestyle
133,30,Instagram,video,2024-06-03 17:21:07,North art rich change alone town direction young me.,#fitness #tech #nature
134,30,Instagram,image,2024-12-29 11:24:30,Because billion matter oil general song amount plan successful today investment.,#business #music #food
135,100,TikTok,story,2024-07-01 02:02:28,Budget like wait bed detail forward result too.,#motivation #beauty #photography
136,139,YouTube,story,2024-09-15 23:48:56,Last think sort others political better cut paper table occur.,#beauty #business #food
137,107,TikTok,image,2024-09-20 10:10:53,News radio try enough radio store of protect clearly poor bag explain field.,#sports #lifestyle #tech
138,9,Instagram,reel,2025-01-04 17:05:34,Field because knowledge entire away style lose door threat.,#nature #business #fashion
139,219,Instagram,reel,2025-05-01 14:49:26,Measure send crime important politics cut word price either one religious.,#motivation #health #music
140,166,Instagram,reel,2025-03-14 06:44:49,Class because newspaper trial need necessary.,#lifestyle #tech #fashion
141,32,Instagram,story,2024-05-17 09:59:25,Who among treat work actually business bed executive sell seven.,#motivation #fashion #business
142,164,Instagram,image,2026-03-22 17:37:45,Tell detail from view artist training organization read.,#art #health #fashion
143,33,Instagram,video,2024-08-10 02:14:36,Drop its hard or miss between subject.,#photography #art #music
144,54,Instagram,video,2024-10-18 00:09:01,Whatever join million fact model picture officer report only market more plant.,#health #art #food
145,202,TikTok,image,2024-05-12 03:02:47,Door city impact leader ready stand management system ready similar certain thought.,#photography #food #business
146,139,Instagram,reel,2025-09-20 22:00:44,Guess in something bill agreement only along build reveal arrive office all.,#travel #motivation #fitness
147,34,TikTok,image,2025-01-13 14:46:56,Act machine ever describe paper mission make impact serve probably.,#art #business #fashion
148,151,Instagram,reel,2025-02-14 05:53:14,Address free camera of phone air year.,#food #tech #fitness
149,33,YouTube,story,2024-05-22 04:02:51,Join rule teach lot out force understand federal admit deep.,#travel #beauty #business
150,122,TikTok,story,2024-10-04 06:20:16,Plan worry course far table few themselves middle.,#music #sports #travel
151,116,YouTube,video,2025-01-22 03:24:30,Simply go model player likely growth cultural official also such gas set.,#fitness #beauty #art
152,169,TikTok,reel,2025-02-01 23:58:12,Space black real cold public another yourself wish sense do.,#motivation #fitness #photography
153,123,TikTok,story,2024-10-25 04:10:40,Partner form serious leg everyone will will range.,#motivation #travel #nature
154,183,Instagram,story,2025-06-09 00:39:24,Meet staff entire number process however image.,#business #travel #health
155,156,Instagram,video,2026-02-09 09:45:28,Book wait year better fear clearly.,#food #tech #sports
156,163,TikTok,reel,2025-06-29 16:02:05,Smile here guess new people usually can work.,#sports #music #tech
157,117,Instagram,story,2025-07-13 02:23:24,Best save fight approach bar return still political special picture peace day by.,#art #beauty #travel
158,219,TikTok,video,2025-12-22 12:35:07,Executive poor part alone Democrat management particular pass.,#nature #fashion #lifestyle
159,87,TikTok,story,2024-07-10 12:42:44,Performance drug itself he town certainly news you.,#lifestyle #beauty #travel
160,81,TikTok,story,2024-06-18 00:48:02,Environmental beautiful direction reveal give another sit environment religious authority stay big.,#motivation #tech #health
162,111,YouTube,image,2024-10-25 10:04:10,Realize general street bring price condition on while fine he impact.,#beauty #health #art
163,34,YouTube,image,2024-08-26 08:58:34,Fly expect give break one wide decade student.,#music #business #health
164,172,TikTok,image,2026-03-31 19:49:50,Claim clearly others the Mrs as attack affect.,#health #photography #motivation
165,193,YouTube,story,2024-10-18 09:54:45,Against executive myself strategy right reach can crime give grow college already help think.,#fitness #tech #sports
166,80,Instagram,reel,2025-07-28 00:16:27,Plant ability turn fly official recognize color center standard develop hospital represent.,#sports #music #fashion
167,40,Instagram,story,2024-10-08 19:55:15,Ten reason build answer second if minute thus style since rise.,#photography #travel #health
168,217,Instagram,reel,2024-06-27 16:59:23,Important young cultural against road kitchen.,#art #tech #sports
169,58,YouTube,story,2025-02-27 19:23:55,Meet course decide month owner here nature interesting onto act admit collection.,#art #photography #sports
170,158,YouTube,image,2025-09-02 05:46:37,Eight stand modern make fly military dinner yourself beyond guy yourself.,#business #motivation #beauty
171,69,Instagram,image,2024-11-14 10:00:19,Series plan commercial manage than seem argue away fast.,#tech #beauty #art
172,80,TikTok,reel,2024-07-06 08:51:27,Rule contain sound fly surface drop conference so sometimes agreement name child yet.,#fitness #food #photography
173,145,Instagram,story,2024-10-25 01:32:14,Cell high material fire clearly nor wish man certainly.,#food #beauty #motivation
174,8,YouTube,image,2025-09-06 23:24:52,Actually community focus name I imagine baby.,#music #fashion #lifestyle
175,108,TikTok,story,2024-11-08 12:55:39,Knowledge send thus health degree commercial in indeed ready worker program.,#food #health #tech
176,185,YouTube,reel,2026-02-23 03:37:17,Simple population keep factor product training notice charge.,#sports #travel #fitness
177,40,YouTube,video,2025-12-09 13:46:11,Former popular ago country begin small best might north during rich suggest.,#fitness #motivation #travel
178,70,YouTube,story,2024-04-28 12:25:07,Drug authority design discuss nothing station.,#lifestyle #nature #sports
179,114,TikTok,story,2025-02-26 04:40:28,Amount hold prevent every sister culture.,#fashion #art #music
180,30,TikTok,reel,2024-06-25 15:36:13,Where radio politics can hard explain.,#travel #tech #motivation
181,174,YouTube,story,2024-12-31 00:23:57,Radio yourself market reflect later very soldier.,#motivation #tech #fitness
182,57,YouTube,story,2024-09-24 15:32:11,Can think effort issue until simple assume.,#fitness #business #fashion
183,78,Instagram,video,2025-07-09 08:18:49,White large few admit north through should.,#art #tech #photography
184,84,Instagram,image,2025-02-05 22:09:42,Yeah very main we apply return key such teach.,#nature #beauty #lifestyle
185,45,TikTok,video,2025-12-15 20:23:33,Be audience black night identify behavior reach describe.,#music #beauty #fashion
186,129,Instagram,reel,2025-05-24 15:59:05,Grow see range once animal hotel between.,#lifestyle #photography #beauty
187,11,Instagram,story,2024-11-17 18:43:37,Blue already together end decision than training field.,#nature #travel #health
188,148,YouTube,story,2026-03-27 22:17:25,Important chance least keep city everyone none turn include machine PM.,#lifestyle #beauty #motivation
189,107,Instagram,reel,2024-09-15 13:28:26,Oil finish amount kid leader official forget.,#lifestyle #fitness #health
190,44,YouTube,story,2025-04-28 14:06:31,Without discussion purpose task price though per candidate we medical professional.,#business #health #travel
191,112,Instagram,image,2025-06-28 19:56:14,Attorney industry modern soldier music executive election example someone.,#lifestyle #sports #business
192,135,TikTok,image,2024-04-12 06:51:56,Note society sister rock its chance red various.,#photography #tech #beauty
193,87,TikTok,video,2026-03-20 12:02:00,Could year coach church nearly a debate order sort institution bank bed.,#art #food #travel
194,131,YouTube,image,2026-03-11 20:39:45,Program respond condition beyond hot agency image alone blood affect phone trade arrive.,#music #fashion #art
195,90,YouTube,reel,2024-10-21 05:57:15,Agent open war even practice friend really finish gas example protect.,#photography #motivation #food
196,61,Instagram,image,2025-10-22 07:12:49,Bed guess pick represent story miss tell even camera drive.,#tech #fashion #food
197,155,YouTube,video,2024-10-25 04:57:54,She democratic generation necessary degree rise their impact claim ability.,#travel #food #art
198,161,TikTok,story,2024-08-10 07:07:55,Fish budget capital serious current style into bill.,#art #sports #business
199,149,YouTube,story,2025-05-08 05:21:13,Add give watch believe significant stuff face life those see kitchen reason.,#business #sports #motivation
200,163,YouTube,reel,2025-08-04 11:19:54,Growth painting huge source interesting political if through ten arm body.,#health #food #nature
202,152,TikTok,image,2026-02-08 19:22:27,Beautiful color computer condition some probably this fire.,#music #travel #tech
203,119,Instagram,story,2025-12-02 01:14:35,Find else society miss necessary glass run family mission else ago.,#fitness #health #tech
204,20,YouTube,image,2024-11-15 08:08:49,Leader management skin program memory way class moment exist arm night discuss trip.,#sports #music #lifestyle
205,119,TikTok,image,2025-12-22 20:14:44,Present write state control nearly system mention trade.,#business #art #sports
206,167,TikTok,video,2025-05-10 04:27:35,Light mouth hospital nice house hold bad only article.,#sports #nature #music
207,39,TikTok,image,2024-05-19 22:14:25,Court safe smile vote impact strong us music action sit medical data.,#travel #art #health
208,183,YouTube,image,2024-07-06 00:31:02,Fill skin truth white crime show agreement tonight pay road.,#motivation #food #fitness
209,64,TikTok,story,2025-06-13 23:23:59,Form wide inside available wife role record tend end recent.,#music #business #sports
210,41,TikTok,reel,2025-12-27 00:17:39,Interesting per tax soldier short product lead rather prevent seat international time security.,#business #tech #lifestyle
211,105,YouTube,reel,2025-08-15 15:12:27,List thing between measure industry thus themselves.,#sports #fitness #art
212,162,Instagram,reel,2025-07-17 16:00:28,Father government course range behavior say effect house.,#health #travel #music
213,174,TikTok,story,2024-10-27 19:56:18,Stuff audience scientist statement race itself month many of.,#tech #beauty #motivation
214,155,TikTok,video,2026-01-30 00:37:25,Decision probably name north dark very create modern.,#travel #sports #motivation
215,37,TikTok,reel,2024-11-25 21:16:58,Top officer real general spring with physical position southern wish perhaps.,#motivation #beauty #business
216,101,YouTube,video,2025-05-14 23:38:02,Huge power conference but growth fire detail dinner performance.,#beauty #travel #tech
217,144,YouTube,story,2025-02-14 08:02:07,Current listen again memory network official continue.,#art #health #food
218,172,YouTube,image,2025-05-21 06:09:10,Reduce concern daughter skill will condition camera I.,#motivation #lifestyle #music
219,93,TikTok,image,2025-05-09 02:47:10,May more sure customer now interesting standard.,#tech #food #fashion
220,88,Instagram,story,2025-12-18 18:10:49,Dog tax north sometimes big much morning change professional.,#fashion #food #photography
